time_s,voltage_V
2147.449,-1.4208535271064608
2147.449001,-0.845256710029409
2147.4490020000003,-1.5924761121374114
2147.449003,-0.8955074859516755
2147.449004,-0.9109076577647153
2147.449005,-0.20951490540312057
2147.4490060000003,-0.3107619241930501
2147.449007,0.5342029667787946
2147.449008,0.320270204536723
2147.449009,1.1155202211093214
2147.4490100000003,1.1032605562309137
2147.449011,1.9049583496748512
2147.449012,1.5056411208584137
2147.449013,2.3254513570055546
2147.4490140000003,2.244223730707515
2147.449015,2.9252228824799897
2147.449016,2.8785361068445177
2147.449017,3.6543607399836695
2147.4490180000003,3.358291089523996
2147.449019,3.854668403437747
2147.44902,3.6756909899865944
2147.449021,4.267232016518609
2147.449022,4.068269031763487
2147.449023,4.510202069536542
2147.449024,4.29089746493101
2147.449025,4.978034153410003
2147.449026,4.737764645870264
2147.449027,5.104975111876959
2147.449028,4.848379208568311
2147.449029,5.074176933801685
2147.44903,5.167349941049669
2147.449031,4.9149148062864505
2147.449032,4.804091746653543
2147.449033,5.235233675570472
2147.449034,5.1317151784976796
2147.449035,4.8613285157236925
2147.449036,4.900662989731133
2147.449037,4.535809296617406
2147.449038,4.696348912173485
2147.449039,4.304447788256239
2147.44904,4.570963897806312
2147.449041,3.931372603281801
2147.449042,4.085447968562344
2147.449043,3.769866381692757
2147.449044,3.6756854210026777
2147.449045,3.0722964455108555
2147.449046,3.124843489832779
2147.449047,2.715868498027369
2147.449048,2.6230122887451652
2147.4490490000003,2.0633097675155323
2147.44905,2.0265460755679863
2147.449051,1.4472731634229787
2147.449052,1.491822874315993
2147.4490530000003,0.8579668466823459
2147.449054,0.8938458876365286
2147.449055,0.13289763992325165
2147.449056,0.33216057362969026
2147.4490570000003,-0.5298134037280683
2147.449058,-0.5984275560043824
2147.449059,-1.1130650779185216
2147.44906,-1.2326108500802928
2147.4490610000003,-1.6996696084107137
2147.449062,-1.6525801974520762
2147.449063,-2.290929051089648
2147.449064,-2.226546403974104
2147.449065,-2.938857520546871
2147.449066,-2.6667926638521116
2147.449067,-3.556504957159632
2147.449068,-3.3026912606505126
2147.449069,-3.9323118924619394
2147.44907,-3.734358970924982
2147.449071,-4.289036392162929
2147.449072,-4.1185695243924805
2147.449073,-4.475922840482245
2147.449074,-4.329136500652528
2147.449075,-4.909286658555778
2147.449076,-4.525415687292368
2147.449077,-4.8622879206256
2147.449078,-4.924791949922932
2147.449079,-5.123994333899651
2147.44908,-5.157514826362344
2147.449081,-4.949864516950581
2147.449082,-4.8454154048073255
2147.449083,-5.140641047282926
2147.449084,-5.1045614741364504
2147.449085,-4.7765238990744034
2147.449086,-4.969298675061802
2147.449087,-4.515580558057259
2147.449088,-4.678565584615629
2147.449089,-4.231288631852878
2147.44909,-4.546654308073721
2147.449091,-3.9747097012668813
2147.4490920000003,-4.112212493242068
2147.449093,-3.5543437822598998
2147.449094,-3.7592204675762484
2147.449095,-3.0997880418063164
2147.4490960000003,-3.1562354843810625
2147.449097,-2.537815504445333
2147.449098,-2.7403494948793408
2147.449099,-2.1637018364360263
2147.4491000000003,-2.109099705738908
2147.449101,-1.2442239223619505
2147.449102,-1.3692238772728755
2147.449103,-0.8907485319064946
2147.4491040000003,-0.8195845357352747
2147.449105,-0.30776818817847307
2147.449106,-0.28876894138209797
2147.449107,0.44284660983278185
2147.4491080000003,0.46627381292224745
2147.449109,1.1277572437694585
2147.44911,1.0891437046951031
2147.449111,1.6120957724271665
2147.449112,1.6589713648664375
2147.449113,2.2932017640380087
2147.449114,2.3304935772277657
2147.449115,2.836016615919904
2147.449116,2.730453489783361
2147.449117,3.340461442341047
2147.449118,3.2884709125978113
2147.449119,3.7288175680900175
2147.44912,3.733396494235511
2147.449121,4.202447307433679
2147.449122,4.152890588505402
2147.449123,4.52050561432334
2147.449124,4.497787881810647
2147.449125,4.789616400909836
2147.449126,4.724604642767072
2147.449127,5.141355808573926
2147.449128,4.9021592975089945
2147.449129,5.084166098542887
2147.44913,5.082282388742917
2147.449131,5.024898945215382
2147.449132,5.090759150302135
2147.449133,4.962467402979567
2147.449134,5.044735212194321
2147.449135,4.878375767163778
2147.449136,4.847130072816535
2147.449137,4.4003969506865435
2147.449138,4.666368607076441
2147.4491390000003,4.2271983112401825
2147.44914,4.282358063551499
2147.449141,3.866859047623952
2147.449142,4.019902241481284
2147.4491430000003,3.6960565086328097
2147.449144,3.7500407035977066
2147.449145,3.157756560575698
2147.449146,3.132290053397697
2147.4491470000003,2.7443900565088217
2147.449148,2.715675858309814
2147.449149,2.0281562229508143
2147.44915,2.054212713927483
2147.4491510000003,1.4655693515933061
2147.449152,1.5508532989743218
2147.449153,0.6707017386110629
2147.449154,0.9545060404653948
2147.449155,0.14255496235150777
2147.449156,0.3349126519354226
2147.449157,-0.4701842874730741
2147.449158,-0.32103888278699355
2147.449159,-1.0918690040182684
2147.44916,-1.0570660714538738
2147.449161,-1.6217312494349918
2147.449162,-1.661042132315002
2147.449163,-2.3104177955527465
2147.449164,-2.2994957099070645
2147.449165,-2.9196187062488597
2147.449166,-2.917455998834302
2147.449167,-3.4272566526209745
2147.449168,-3.235625176572858
2147.449169,-3.9628781762519867
2147.44917,-3.6603512896687063
2147.449171,-4.2729598990355635
2147.449172,-3.9904442009199954
2147.449173,-4.460767170383058
2147.449174,-4.427446577699624
2147.449175,-4.945240504836725
2147.449176,-4.724752027694043
2147.449177,-5.079375263666641
2147.449178,-5.138098580530865
2147.449179,-4.864797901223527
2147.44918,-5.145605922314801
2147.449181,-4.846993821813823
2147.4491820000003,-4.941768345860451
2147.449183,-5.377840747570401
2147.449184,-5.033057491748088
2147.449185,-4.701795303706917
2147.4491860000003,-4.8674316188932485
2147.449187,-4.463516041475569
2147.449188,-4.659776013287061
2147.449189,-4.302307022068733
2147.4491900000003,-4.430754357826846
2147.449191,-3.912240854238032
2147.449192,-4.059191215909629
2147.449193,-3.666095999690828
2147.4491940000003,-3.6609806275142582
2147.449195,-3.07187855159003
2147.449196,-3.0403210111187278
2147.449197,-2.827776864732406
2147.4491980000003,-2.690905150947069
2147.449199,-2.132055998760032
2147.4492,-2.2010432575862673
2147.449201,-1.474339213115862
2147.449202,-1.5748030277406193
2147.449203,-0.8549165810942082
2147.449204,-0.9057665964051194
2147.449205,-0.2914036823844467
2147.449206,-0.3196332613696303
2147.449207,0.5268636105611914
2147.449208,0.5086121295979248
2147.449209,1.103692721354381
2147.44921,1.0016313017969478
2147.449211,1.6733097896422373
2147.449212,1.6916784699528729
2147.449213,2.164542667983876
2147.449214,2.333424105029122
2147.449215,2.922694432979101
2147.449216,2.814887297119964
2147.449217,3.4617534636506737
2147.449218,3.25949916624243
2147.449219,3.8289881152763483
2147.44922,3.732995610636261
2147.449221,4.3189287321216
2147.449222,4.099525079041727
2147.449223,4.514608425677205
2147.449224,4.367401716971624
2147.449225,4.690345404444378
2147.449226,4.704885328509286
2147.449227,5.113983230591069
2147.449228,5.002092218919963
2147.4492290000003,4.92655294297031
2147.44923,4.962552574430413
2147.449231,5.409312672696097
2147.449232,5.0900460751311405
2147.4492330000003,4.873908675803699
2147.449234,5.134905535218827
2147.449235,4.7266592633250335
2147.449236,4.898515588359585
2147.4492370000003,4.522853534061524
2147.449238,4.683790142813
2147.449239,4.242508431852482
2147.44924,4.204476528831661
2147.4492410000003,3.9913103685102826
2147.449242,4.082770959176923
2147.449243,3.44901361763188
2147.449244,3.479666377685815
2147.449245,3.018732568943905
2147.449246,3.227893404787986
2147.449247,2.495635921853346
2147.449248,2.7748781086219294
2147.449249,1.8569415185177913
2147.44925,2.0450068542326614
2147.449251,1.5163317541064454
2147.449252,1.528340165018361
2147.449253,0.8743992703305175
2147.449254,0.8517544832591107
2147.449255,0.14261901899394416
2147.449256,0.09611902404552537
2147.449257,-0.4769402125692685
2147.449258,-0.5151979000470477
2147.449259,-1.0745648536916916
2147.44926,-1.0996849402323323
2147.449261,-1.7259872753212366
2147.449262,-1.6823421274164936
2147.449263,-2.3178391698853686
2147.449264,-2.3362048259528923
2147.449265,-2.8627376419710577
2147.449266,-2.8427684136221782
2147.449267,-3.358472316953329
2147.449268,-3.3179761791325015
2147.449269,-3.9024192811900864
2147.44927,-3.758715388165022
2147.449271,-4.418276368024291
2147.4492720000003,-4.0753552554336405
2147.449273,-4.531884202350316
2147.449274,-4.542136074998998
2147.449275,-4.90672095555157
2147.4492760000003,-4.778013447059169
2147.449277,-5.0853510537878455
2147.449278,-4.9180513963324675
2147.449279,-5.123854472577617
2147.4492800000003,-4.9086786570967735
2147.449281,-5.245652032167024
2147.449282,-5.111300645582531
2147.449283,-4.862284658487182
2147.4492840000003,-5.026645509395086
2147.449285,-4.929042067911411
2147.449286,-4.919210141725711
2147.449287,-4.579463862183343
2147.4492880000003,-4.6619358700448466
2147.449289,-4.219382330716018
2147.44929,-4.475083290625677
2147.449291,-3.904081574698958
2147.449292,-4.076750970413003
2147.449293,-3.513188801121878
2147.449294,-3.74799022313028
2147.449295,-3.135050237291825
2147.449296,-3.030441120282849
2147.449297,-2.753684438482214
2147.449298,-2.7215006185554484
2147.449299,-2.093780933937356
2147.4493,-2.0461820686832044
2147.449301,-1.3385528751211444
2147.449302,-1.4586645515080854
2147.449303,-0.9503282342614704
2147.449304,-0.8935515614622243
2147.449305,-0.03959385897210696
2147.449306,-0.2954503115042787
2147.449307,0.4422689732327417
2147.449308,0.5190498402329896
2147.449309,1.1194756483534192
2147.44931,0.9970669563279329
2147.449311,1.7477318427756046
2147.449312,1.72489793007068
2147.449313,2.307845177304729
2147.449314,2.3465484949874327
2147.449315,2.92970142797212
2147.449316,2.9113571935937745
2147.449317,3.288453745590036
2147.449318,3.3328373535047917
2147.4493190000003,3.8605999227445484
2147.44932,3.69788104358472
2147.449321,4.389845330531661
2147.449322,3.9440331219412434
2147.4493230000003,4.51674387401194
2147.449324,4.5518710450163455
2147.449325,4.929845492239795
2147.449326,4.70126040736877
2147.4493270000003,5.0892071262929335
2147.449328,4.899845317514685
2147.449329,5.194122551787768
2147.44933,4.878872743619793
2147.4493310000003,5.2710865766251525
2147.449332,5.037358586400864
2147.449333,4.85190600733474
2147.449334,5.087964176174625
2147.449335,4.690669409176599
2147.449336,4.886521043699283
2147.449337,4.498610852089646
2147.449338,4.76927685091739
2147.449339,4.295109277106143
2147.44934,4.207852378720847
2147.449341,3.9437524697204833
2147.449342,4.074834075112358
2147.449343,3.495314776023648
2147.449344,3.705861824199172
2147.449345,3.0745218368438625
2147.449346,3.325077752518431
2147.449347,2.6846459205641233
2147.449348,2.6469039405711796
2147.449349,2.128267190685148
2147.44935,2.152780371228765
2147.449351,1.302286723992867
2147.449352,1.539915784678109
2147.449353,0.7171881879503567
2147.449354,0.9228632615284211
2147.449355,0.06973760585784737
2147.449356,0.243194507932163
2147.449357,-0.4898231059861614
2147.449358,-0.561992654107201
2147.449359,-1.1003816355307534
2147.44936,-1.0794469066347967
2147.449361,-1.6593560781396248
2147.4493620000003,-1.6511251282028525
2147.449363,-2.337103663449776
2147.449364,-2.3097626404252014
2147.449365,-2.917042776744824
2147.4493660000003,-2.9237101370264327
2147.449367,-3.5413304520541637
2147.449368,-3.2212766566218147
2147.449369,-3.6969085151876953
2147.4493700000003,-3.7546931549110525
2147.449371,-4.286282244274455
2147.449372,-4.105960909090846
2147.449373,-4.513115622353582
2147.4493740000003,-4.343040213932577
2147.449375,-4.854656710111513
2147.449376,-4.753946957163167
2147.449377,-5.07105148107971
2147.4493780000003,-4.870825545979147
2147.449379,-5.08084544398253
2147.44938,-4.985603445931237
2147.449381,-4.849878840369451
2147.449382,-4.8730794336160725
2147.449383,-5.327325566665317
2147.449384,-5.052956105185563
2147.449385,-4.794989219812763
2147.449386,-4.91370259274461
2147.449387,-4.5219749578139234
2147.449388,-4.735132151673626
2147.449389,-4.315657100430068
2147.44939,-4.566122158704942
2147.449391,-3.955210217504689
2147.449392,-4.206681107732028
2147.449393,-3.4896304640022255
2147.449394,-3.686050876304307
2147.449395,-3.0839202214278028
2147.449396,-3.243926594841254
2147.449397,-2.4905134810427096
2147.449398,-2.679234763203611
2147.449399,-2.13390543889727
2147.4494,-2.0965669316642397
2147.449401,-1.280892463374368
2147.449402,-1.4891359025667306
2147.449403,-0.6560335032340547
2147.449404,-0.9165953252088676
2147.449405,-0.15190546114457065
2147.449406,-0.20886755321211686
2147.449407,0.5311967052901047
2147.449408,0.2844961097522676
2147.4494090000003,1.085769689347134
2147.44941,1.0548221677366194
2147.449411,1.743318592401718
2147.449412,1.7689253054921616
2147.4494130000003,2.4709526018484897
2147.449414,2.2716662725876864
2147.449415,2.9050101038308944
2147.449416,2.843330503151619
2147.4494170000003,3.551065942029005
2147.449418,3.1648198813803643
2147.449419,3.865913687514418
2147.44942,3.7009663842171046
2147.4494210000003,4.3122233366406535
2147.449422,4.081349838176234
2147.449423,4.57358094206154
2147.449424,4.388858912816116
2147.449425,4.830021201785171
2147.449426,4.658875585135773
2147.449427,5.069513043444509
2147.449428,4.920270996797359
2147.449429,5.154813764874224
2147.44943,4.867201636761217
2147.449431,5.30908183701589
2147.449432,5.170050422458392
2147.449433,4.822281194040884
2147.449434,5.191119849388144
2147.449435,4.778182323719806
2147.449436,4.911708681732868
2147.449437,4.4896111496122915
2147.449438,4.661625422102225
2147.449439,4.388247779670469
2147.44944,4.320881069418314
2147.449441,3.846183883997702
2147.449442,4.130310019949147
2147.449443,3.4587286050785924
2147.449444,3.6707322610536286
2147.449445,3.0890993538417053
2147.449446,3.3151394355492707
2147.449447,2.707203547213499
2147.449448,2.7461555073447017
2147.449449,2.052962190189944
2147.44945,2.1456774455311187
2147.449451,1.4901598773641376
2147.4494520000003,1.44396464184587
2147.449453,0.7434266315162317
2147.449454,0.977972554795323
2147.449455,0.13197764079353042
2147.4494560000003,0.3219624546696214
2147.449457,-0.5856975889178946
2147.449458,-0.46681278112821645
2147.449459,-1.0831185354742858
2147.4494600000003,-1.0935823960981161
2147.449461,-1.749732176995214
2147.449462,-1.6334690300975985
2147.449463,-2.2762236965950424
2147.4494640000003,-2.2487545060843384
2147.449465,-2.8425857509873587
2147.449466,-2.9859853744218112
2147.449467,-3.544209696713429
2147.4494680000003,-3.347508882718584
2147.449469,-3.9412406629463925
2147.44947,-3.7133732222503055
2147.449471,-4.306404669532585
2147.449472,-4.134230918908868
2147.449473,-4.750256736643826
2147.449474,-4.568136229170353
2147.449475,-4.8977998933053035
2147.449476,-4.693084496995787
2147.449477,-5.048664512262594
2147.449478,-4.870731771577535
2147.449479,-5.266368830097992
2147.44948,-5.07141597878572
2147.449481,-4.891186775617973
2147.449482,-5.082626076362605
2147.449483,-4.888819666740232
2147.449484,-5.076548461985686
2147.449485,-4.856259947592495
2147.449486,-4.8839670007196005
2147.449487,-4.590516584032291
2147.449488,-4.696222516433265
2147.449489,-4.31378478958307
2147.44949,-4.487145613345968
2147.449491,-3.89407977996975
2147.449492,-4.041328027509732
2147.449493,-3.532759706872742
2147.449494,-3.6751457347778254
2147.449495,-3.088122626745123
2147.449496,-3.174423419373055
2147.449497,-2.462112546861735
2147.449498,-2.7088083033276757
2147.4494990000003,-2.0145727613315714
2147.4495,-2.1863588585916
2147.449501,-1.4857839107321889
2147.449502,-1.5300422767345607
2147.4495030000003,-1.023072891067644
2147.449504,-0.9114074217760718
2147.449505,-0.33987460320394114
2147.449506,-0.31038180637685264
2147.4495070000003,0.5786586322572584
2147.449508,0.5211976484628208
2147.449509,1.0702859587751778
2147.44951,1.121687972969427
2147.4495110000003,1.5908715080965052
2147.449512,1.6996249492346724
2147.449513,2.3127870401767003
2147.449514,2.234999067761013
2147.449515,2.9383166123767137
2147.449516,2.87707907823179
2147.449517,3.4538886262438724
2147.449518,3.2454500031850526
2147.449519,3.8608000891007794
2147.44952,3.7083587735009966
2147.449521,4.356202886511076
2147.449522,4.123718187128957
2147.449523,4.410670768311646
2147.449524,4.399732693029485
2147.449525,4.9185484861859585
2147.449526,4.672481246326564
2147.449527,5.123129527477489
2147.449528,4.890986999098853
2147.449529,5.152159914150062
2147.44953,4.8599426618572314
2147.449531,5.3186763422137995
2147.449532,5.1928363212603665
2147.449533,4.91604159255206
2147.449534,5.093750981881286
2147.449535,4.897235796962297
2147.449536,5.01202540227781
2147.449537,4.517375162303939
2147.449538,4.734951216202105
2147.449539,4.2890237610341275
2147.44954,4.461917707183209
2147.449541,3.9334817078565423
2147.4495420000003,4.104146528761859
2147.449543,3.733831416938318
2147.449544,3.735080538236101
2147.449545,3.102285869679315
2147.4495460000003,3.4236922772903924
2147.449547,2.7072164121610585
2147.449548,2.679995950866542
2147.449549,2.107369417424555
2147.4495500000003,2.077478778738592
2147.449551,1.441060764604789
2147.449552,1.5418414512284238
2147.449553,0.9833019532585412
2147.4495540000003,0.8549074165705877
2147.449555,0.14616404641580563
2147.449556,0.27152483332338584
2147.449557,-0.4309994251468022
2147.4495580000003,-0.45881222907094404
2147.449559,-1.0922389111099713
2147.44956,-1.1507141391936806
2147.449561,-1.695673616250697
2147.449562,-1.6597237959829643
2147.449563,-2.3210718031371784
2147.449564,-2.261333258414973
2147.449565,-2.9705978534437447
2147.449566,-2.8424618371313377
2147.449567,-3.4682343531382447
2147.449568,-3.2217007912220854
2147.449569,-3.8629000274628065
2147.44957,-3.715176867579102
2147.449571,-4.339234979976651
2147.449572,-4.097342664392472
2147.449573,-4.692945298417952
2147.449574,-4.50172815314098
2147.449575,-4.923234790759409
2147.449576,-4.638823431673567
2147.449577,-5.1614502128471775
2147.449578,-4.891387281509035
2147.449579,-5.0252927067466695
2147.44958,-4.934797418170415
2147.449581,-5.043723164449651
2147.449582,-5.106665256032142
2147.449583,-4.9496547107955475
2147.449584,-5.079070671841797
2147.449585,-4.908835077768528
2147.449586,-4.858140570091757
2147.449587,-4.462990442065466
2147.449588,-4.708094086704256
2147.4495890000003,-4.199962885970412
2147.44959,-4.569172629827488
2147.449591,-3.8453037967076136
2147.449592,-4.107027849896499
2147.4495930000003,-3.6313112085792016
2147.449594,-3.6745659373273614
2147.449595,-3.0621434700680035
2147.449596,-3.3568563363922883
2147.4495970000003,-2.6425853925426894
2147.449598,-2.7167916281939397
2147.449599,-2.175184628589553
2147.4496,-2.1354753658773085
2147.4496010000003,-1.4837942333456824
2147.449602,-1.5292445753482424
2147.449603,-0.6305474927029187
2147.449604,-0.8351656867444146
2147.449605,-0.03932333951228425
2147.449606,-0.3688679572975364
2147.449607,0.4449496163787344
2147.449608,0.4818332192541129
2147.449609,1.2914422344488645
2147.44961,1.0295419624803628
2147.449611,1.9149356811193774
2147.449612,1.68496359243373
2147.449613,2.2802399716189985
2147.449614,2.3562618686697094
2147.449615,2.949469498552422
2147.449616,2.9807679922658767
2147.449617,3.33028202618603
2147.449618,3.4053925919838517
2147.449619,3.9948803026119384
2147.44962,3.714636809241829
2147.449621,4.298801633902808
2147.449622,4.14312852322254
2147.449623,4.411397728690733
2147.449624,4.38375411103526
2147.449625,4.922029858388972
2147.449626,4.631792135664553
2147.449627,5.165728741208963
2147.449628,4.970755820814853
2147.449629,5.1518149171923975
2147.44963,5.141129308445925
2147.449631,4.919465755229298
2147.4496320000003,5.065915959009654
2147.449633,4.873080575071997
2147.449634,5.130953674808929
2147.449635,4.785627677905553
2147.4496360000003,4.957450290815334
2147.449637,4.500818189866397
2147.449638,4.730253944959175
2147.449639,4.420826752148842
2147.4496400000003,4.284654788112611
2147.449641,3.828702863761132
2147.449642,3.8337696349158565
2147.449643,3.5218260117985136
2147.4496440000003,3.6736750706263375
2147.449645,3.1055196639782734
2147.449646,3.1600580685768493
2147.449647,2.557408387735647
2147.4496480000003,2.6639591169918586
2147.449649,2.101577927752519
2147.44965,2.029590482321156
2147.449651,1.3143958372348492
2147.449652,1.4430802027698033
2147.449653,0.651227011663196
2147.449654,0.9334175078790357
2147.449655,0.14155588470087188
2147.449656,0.16934843692641152
2147.449657,-0.5582535738269001
2147.449658,-0.5112881343809638
2147.449659,-1.1526229071571745
2147.44966,-1.1713820606991328
2147.449661,-1.8585561717927284
2147.449662,-1.6131656200807822
2147.449663,-2.359788427326225
2147.449664,-2.311880552683089
2147.449665,-2.9096220380061006
2147.449666,-2.8781441566706865
2147.449667,-3.38158175059371
2147.449668,-3.300634162064168
2147.449669,-3.935705617855316
2147.44967,-3.618427745657591
2147.449671,-4.0389108750673115
2147.449672,-3.9995062652449502
2147.449673,-4.479313137393225
2147.449674,-4.601647455087927
2147.449675,-4.997716896490872
2147.449676,-4.632569583784514
2147.449677,-5.176597007323633
2147.449678,-4.999814236897304
2147.4496790000003,-5.053467346397133
2147.44968,-4.885290882205732
2147.449681,-5.361971365075158
2147.449682,-5.091699153888509
2147.4496830000003,-4.8929602323455255
2147.449684,-5.185984932425127
2147.449685,-4.988482535361427
2147.449686,-5.073680859182121
2147.4496870000003,-4.473767672311071
2147.449688,-4.676133059389962
2147.449689,-4.290366248806087
2147.44969,-4.43935511724327
2147.4496910000003,-3.8534648316911455
2147.449692,-4.08645189248205
2147.449693,-3.5325768857881976
2147.449694,-3.6501495778671242
2147.449695,-3.1759639969123383
2147.449696,-3.118004452870206
2147.449697,-2.515070982829805
2147.449698,-2.728052455583002
2147.449699,-2.1080728338658035
2147.4497,-2.100486830114334
2147.449701,-1.4469179760531077
2147.449702,-1.4933393600499345
2147.449703,-0.7933815579351887
2147.449704,-0.8005165176782647
2147.449705,-0.31180166481810445
2147.449706,-0.34416944262100796
2147.449707,0.5138941635453278
2147.449708,0.5151202072620726
2147.449709,1.1672199905868184
2147.44971,1.0737194046933993
2147.449711,1.9538107621369665
2147.449712,1.6983959662258408
2147.449713,2.226501859627027
2147.449714,2.26274917399315
2147.449715,2.912577721441684
2147.449716,2.8762643350631376
2147.449717,3.469607001020869
2147.449718,3.291853619846554
2147.449719,3.939488334163051
2147.44972,3.675802774570182
2147.449721,4.246703285479859
2147.4497220000003,4.057179490785758
2147.449723,4.51216581357871
2147.449724,4.459699835096002
2147.449725,4.8943580368175885
2147.4497260000003,4.723024198278937
2147.449727,5.145112762607327
2147.449728,4.909980621063136
2147.449729,5.086864955567987
2147.4497300000003,4.877121940361721
2147.449731,5.233281911284631
2147.449732,4.996760401198419
2147.449733,4.866273744713332
2147.4497340000003,5.112223701189433
2147.449735,4.735821861043559
2147.449736,4.873488234287569
2147.449737,4.51698422151843
2147.4497380000003,4.652625855676084
2147.449739,4.310624876443079
2147.44974,4.594699354931783
2147.449741,3.8319749265709713
2147.449742,4.080484299842198
2147.449743,3.4954131433354667
2147.449744,3.7110714975296877
2147.449745,3.0312069311284024
2147.449746,3.093794803869044
2147.449747,2.472364902544412
2147.449748,2.685911027028686
2147.449749,2.157121049831705
2147.44975,2.0756745990961956
2147.449751,1.3213614479575344
2147.449752,1.4823706143644235
2147.449753,0.7320315277502015
2147.449754,0.9773269846021604
2147.449755,0.09544160713438979
2147.449756,0.26238985914756563
2147.449757,-0.4318706960133594
2147.449758,-0.4667182024981056
2147.449759,-1.1189519406319834
2147.44976,-1.0393550843416919
2147.449761,-1.828536963504238
2147.449762,-1.708956252134704
2147.449763,-2.410947415668942
2147.449764,-2.360010642108629
2147.449765,-2.8314408607982795
2147.449766,-2.866904487146474
2147.449767,-3.4475232378063505
2147.449768,-3.3124415295043312
2147.4497690000003,-3.877696161151961
2147.44977,-3.770629926377654
2147.449771,-4.311852765889801
2147.449772,-4.007083724195506
2147.4497730000003,-4.566014837375714
2147.449774,-4.5510997685077
2147.449775,-4.919024396532979
2147.449776,-4.560414914158139
2147.4497770000003,-5.17550623919842
2147.449778,-5.0336077249288
2147.449779,-5.092680101960007
2147.44978,-5.226228723829565
2147.4497810000003,-4.874463215127867
2147.449782,-5.341381791339928
2147.449783,-4.929537265841215
2147.449784,-5.107517602652225
2147.449785,-4.815143231365726
2147.449786,-4.8533408419927095
2147.449787,-4.451431550677157
2147.449788,-4.681271791655687
2147.449789,-4.181801608038477
2147.44979,-4.505437627064976
2147.449791,-4.005651527880485
2147.449792,-4.150563457037801
2147.449793,-3.746491216059459
2147.449794,-3.736591017113574
2147.449795,-3.1010923291062453
2147.449796,-3.093854593323466
2147.449797,-2.4456953262349996
2147.449798,-2.6225573860258113
2147.449799,-2.079308890581749
2147.4498,-2.0433958388530042
2147.449801,-1.338514582781291
2147.449802,-1.5543495994799834
2147.449803,-0.67531771991719
2147.449804,-0.8468108959389818
2147.449805,-0.3363463687284987
2147.449806,-0.2754113856890851
2147.449807,0.6637110111249044
2147.449808,0.4786238032093901
2147.449809,1.0916427654348153
2147.44981,1.0926661572394847
2147.449811,1.7687580164042562
2147.4498120000003,1.727514818167607
2147.449813,2.3233791821043934
2147.449814,2.2717750667312435
2147.449815,2.9625477013110517
2147.4498160000003,2.665462487705708
2147.449817,3.259661498431621
2147.449818,3.3100319341035647
2147.449819,3.68531793704405
2147.4498200000003,3.7348068173360467
2147.449821,4.250283451802536
2147.449822,4.119729899524415
2147.449823,4.457142291032498
2147.4498240000003,4.515445010748413
2147.449825,4.865938000594149
2147.449826,4.59614676912581
2147.449827,5.050034757571306
2147.4498280000003,5.049347308374591
2147.449829,4.871701958947933
2147.44983,5.093761812574356
2147.449831,4.944879303146117
2147.449832,5.12641522462638
2147.449833,4.8425512042646535
2147.449834,4.8758478006870565
2147.449835,5.189942586449496
2147.449836,5.086201693251895
2147.449837,4.53227983049841
2147.449838,4.751572764987248
2147.449839,4.281732613959502
2147.44984,4.214379990904909
2147.449841,3.8653335923616257
2147.449842,3.9805721236675256
2147.449843,3.6182917015738174
2147.449844,3.627226725505045
2147.449845,3.021705563447697
2147.449846,3.1076897698568273
2147.449847,2.6067767285870804
2147.449848,2.6402276312020097
2147.449849,1.9141795648962303
2147.44985,2.0237158219829054
2147.449851,1.5169990456999505
2147.449852,1.4851094911251925
2147.449853,0.9214479467080251
2147.449854,0.9310179702603509
2147.449855,0.13095893016678467
2147.449856,0.05064119819306795
2147.449857,-0.5103226365067908
2147.449858,-0.49139767105558385
2147.4498590000003,-1.0974075300111248
2147.44986,-1.1058321056326221
2147.449861,-1.8906636289788648
2147.449862,-1.7895029102581552
2147.4498630000003,-2.3761043248149893
2147.449864,-2.326541452028307
2147.449865,-2.9201863137555355
2147.449866,-2.6337524494618965
2147.4498670000003,-3.4749357360428164
2147.449868,-3.314979502128484
2147.449869,-3.8402976568858467
2147.44987,-3.6777715531908335
2147.4498710000003,-4.371070368110026
2147.449872,-4.088930616937036
2147.449873,-4.6879376237055626
2147.449874,-4.472138021586595
2147.449875,-4.821983779715517
2147.449876,-4.649283787703543
2147.449877,-5.053526738344544
2147.449878,-4.914967020789421
2147.449879,-5.315180004184694
2147.44988,-4.858115501504155
2147.449881,-5.313903683019244
2147.449882,-5.121446445885423
2147.449883,-4.8230835598925985
2147.449884,-5.082610088381184
2147.449885,-4.8838486449447025
2147.449886,-4.904419170363576
2147.449887,-4.637428491541179
2147.449888,-4.643857618895388
2147.449889,-4.396597639950971
2147.44989,-4.549527531164283
2147.449891,-4.1334631529940795
2147.449892,-4.101259482342565
2147.449893,-3.462767709626679
2147.449894,-3.643623926293928
2147.449895,-3.1323289938265573
2147.449896,-3.243669612152496
2147.449897,-2.489768059232774
2147.449898,-2.667565537648828
2147.449899,-2.0594032145605414
2147.4499,-2.0508805993971158
2147.449901,-1.4952106141631019
2147.4499020000003,-1.4222134062671836
2147.449903,-0.8399757613593818
2147.449904,-0.988521564142185
2147.449905,-0.1112765988906329
2147.4499060000003,-0.2810087860059225
2147.449907,0.42242891995162324
2147.449908,0.34839467886820435
2147.449909,1.0333312360261735
2147.4499100000003,1.0625544409924599
2147.449911,1.7601949191621133
2147.449912,1.7256495200566153
2147.449913,2.548429916876044
2147.4499140000003,2.319250720980896
2147.449915,2.8428902399535434
2147.449916,2.682014876124352
2147.449917,3.5138907590950814
2147.4499180000003,3.243493646203648
2147.449919,3.889016531308068
2147.44992,3.679211571468653
2147.449921,4.318639692459987
2147.449922,4.0149010357784825
2147.449923,4.430313008033787
2147.449924,4.245906041789527
2147.449925,4.996039459534703
2147.449926,4.681184712899384
2147.449927,5.027222515503759
2147.449928,4.8861214624904505
2147.449929,5.140621677627015
2147.44993,4.862221025115258
2147.449931,5.1562315263816245
2147.449932,5.090941611399851
2147.449933,4.831479223501451
2147.449934,4.892104658298821
2147.449935,5.082102359531999
2147.449936,4.941143194980681
2147.449937,4.42184163148419
2147.449938,4.608590159624287
2147.449939,4.266148162717485
2147.44994,4.500335509342955
2147.449941,3.991918610742215
2147.449942,4.1147848885188765
2147.449943,3.420005945313071
2147.449944,3.7593900306633965
2147.449945,3.1122657099943147
2147.449946,3.090648813047397
2147.449947,2.6311294800942404
2147.449948,2.6899952318561926
2147.4499490000003,2.154311430485786
2147.44995,2.1739334127109275
2147.449951,1.3423453932138916
2147.449952,1.5246066171819643
2147.4499530000003,0.7307326343932946
2147.449954,0.9210715030358229
2147.449955,0.06958407614931271
2147.449956,0.3197703691289745
2147.4499570000003,-0.4558286425912926
2147.449958,-0.44072234749154543
2147.449959,-1.0897366644510695
2147.44996,-1.122539672708337
2147.4499610000003,-1.7203393336324815
2147.449962,-1.6671239913532716
2147.449963,-2.305965747577896
2147.449964,-2.283506610627979
2147.449965,-2.842930611383782
2147.449966,-2.907828561679769
2147.449967,-3.4532777444774725
2147.449968,-3.3356139190126735
2147.449969,-3.931054477196229
2147.44997,-3.7402082723869055
2147.449971,-4.310297668567619
2147.449972,-4.1238895411141225
2147.449973,-4.530633884725042
2147.449974,-4.509992113116388
2147.449975,-4.834413174071769
2147.449976,-4.771057083900134
2147.449977,-5.136978614007982
2147.449978,-5.0602654739647805
2147.449979,-4.897581304637385
2147.44998,-5.065563624838798
2147.449981,-4.822942522516861
2147.449982,-5.068982548272119
2147.449983,-4.822834887478288
2147.449984,-5.136334144539994
2147.449985,-4.853684834491198
2147.449986,-4.921317739930945
2147.449987,-4.412158809442544
2147.449988,-4.699021450078584
2147.449989,-4.3146789630685385
2147.44999,-4.466090288250092
2147.449991,-3.9174654611792485
2147.4499920000003,-4.093554138503544
2147.449993,-3.719195808284338
2147.449994,-3.734467755360961
2147.449995,-3.107318029180759
2147.4499960000003,-3.0146613125995128
2147.449997,-2.514302005131274
2147.449998,-2.657991594183064
2147.449999,-1.9098043749223517
2147.4500000000003,-2.0527906252105996
2147.450001,-1.3159843832588471
2147.450002,-1.4198813150145067
2147.450003,-0.7435544127683206
2147.4500040000003,-0.7558465514153142
2147.450005,-0.07100016053133341
2147.450006,-0.2793964586562284
2147.450007,0.6782470091416792
2147.4500080000003,0.5440251121917304
2147.450009,0.9763168664460704
2147.45001,1.0186882290082484
2147.450011,1.8357397490690395
2147.450012,1.7018382274080681
2147.450013,2.2290480737206404
2147.450014,2.224407350975136
2147.450015,2.9045016853424217
2147.450016,2.928464371123864
2147.450017,3.5643281545807124
2147.450018,3.262518065928776
2147.450019,3.945762663600982
2147.45002,3.736896327202891
2147.450021,4.267295516293474
2147.450022,4.062669025544351
2147.450023,4.420523231810124
2147.450024,4.567521448001403
2147.450025,4.711132924137598
2147.450026,4.711037431470453
2147.450027,5.091281383113954
2147.450028,4.898655717908634
2147.450029,5.0538193703398395
2147.45003,5.127732458098961
2147.450031,4.825736838725126
2147.450032,5.135315528833942
2147.450033,4.871377999426706
2147.450034,5.055239275186386
2147.450035,4.646563356075363
2147.450036,4.943007896199993
2147.450037,4.44489010357954
2147.450038,4.681461685573826
2147.4500390000003,4.339995875848527
2147.45004,4.296879155952533
2147.450041,3.825201716917784
2147.450042,4.17075063953075
2147.4500430000003,3.609019917976878
2147.450044,3.6527970879606113
2147.450045,3.0385762768945037
2147.450046,3.3066154724260954
2147.4500470000003,2.515845039061126
2147.450048,2.7968218045966102
2147.450049,1.867769862568079
2147.45005,2.091351091287077
2147.4500510000003,1.5513488651078167
2147.450052,1.5083520645962543
2147.450053,0.7011312449849545
2147.450054,0.8829558194472716
2147.450055,0.14818757015391953
2147.450056,0.3190875393133838
2147.450057,-0.6993505376388327
2147.450058,-0.5849862459221283
2147.450059,-1.2095180593641461
2147.45006,-1.1364987192136726
2147.450061,-1.667943142362113
2147.450062,-1.7594878805016934
2147.450063,-2.2781872216028143
2147.450064,-2.2327431458209595
2147.450065,-2.784610610266812
2147.450066,-2.9255916582925536
2147.450067,-3.5042744576424503
2147.450068,-3.2875483938059906
2147.450069,-3.933508487996097
2147.45007,-3.740897181833689
2147.450071,-4.23140144960793
2147.450072,-4.142737588695382
2147.450073,-4.555650411729346
2147.450074,-4.355851653981267
2147.450075,-4.88014358611231
2147.450076,-4.7679204465414875
2147.450077,-5.077900776068211
2147.450078,-4.939234274763669
2147.450079,-5.241337851031657
2147.45008,-4.879505972344292
2147.450081,-5.235488691781937
2147.4500820000003,-5.069036576187165
2147.450083,-4.813079937456459
2147.450084,-5.125139021523187
2147.450085,-4.95259988875506
2147.4500860000003,-5.086348642542695
2147.450087,-4.422828562520961
2147.450088,-4.6906211980631785
2147.450089,-4.386126885544929
2147.4500900000003,-4.601216414775364
2147.450091,-3.874291177463469
2147.450092,-4.133710797670333
2147.450093,-3.409256655985342
2147.4500940000003,-3.6913038763319967
2147.450095,-3.06232407973481
2147.450096,-3.256211259679438
2147.450097,-2.7679556157763465
2147.4500980000003,-2.758712575205966
2147.450099,-1.9700216994534108
2147.4501,-2.0634079290517913
2147.450101,-1.276899654956272
2147.450102,-1.4945240344900328
2147.450103,-0.8468593662631859
2147.450104,-0.7393330964036721
2147.450105,-0.10176932491473283
2147.450106,-0.30058421636942273
2147.450107,0.4205596727604073
2147.450108,0.5456404792040003
2147.450109,1.3113820752710807
2147.45011,1.143037746195889
2147.450111,1.6869557815362888
2147.450112,1.6538257795625535
2147.450113,2.534964977313518
2147.450114,2.2583157519071118
2147.450115,2.965475548041429
2147.450116,2.88318250563033
2147.450117,3.447608516897367
2147.450118,3.2611060210471297
2147.450119,3.8679424492889334
2147.45012,3.803352253622639
2147.450121,4.291102907407059
2147.450122,4.16262159208258
2147.450123,4.384491301930195
2147.450124,4.5634830350822835
2147.450125,4.788107879288526
2147.450126,4.729763049363122
2147.450127,5.188469739053896
2147.450128,5.164168214213714
2147.4501290000003,4.91712505656898
2147.45013,4.879600697603967
2147.450131,5.2935577091120924
2147.450132,5.163367373482515
2147.4501330000003,4.883081928305893
2147.450134,5.163818590388993
2147.450135,4.661683797166589
2147.450136,4.870329025818317
2147.4501370000003,4.503119543452581
2147.450138,4.684546201590127
2147.450139,4.292036211660668
2147.45014,4.500271001236707
2147.4501410000003,3.950706622687196
2147.450142,3.9897121841790906
2147.450143,3.5027078825598084
2147.450144,3.6836070157411487
2147.450145,3.1454072681350755
2147.450146,3.0655863343120084
2147.450147,2.5778171170988697
2147.450148,2.7542329061238213
2147.450149,2.149418818164984
2147.45015,2.1231312547919527
2147.450151,1.2613544998627293
2147.450152,1.5224167118667007
2147.450153,0.6633446231107425
2147.450154,0.8574624434577053
2147.450155,0.06087267517628494
2147.450156,0.06499328361894915
2147.450157,-0.45658613654128
2147.450158,-0.5383776438526642
2147.450159,-1.0878499138344482
2147.45016,-1.143863554162769
2147.450161,-1.8931528696904536
2147.450162,-1.7269283584777673
2147.450163,-2.425655854468751
2147.450164,-2.3105863554333568
2147.450165,-2.864981196887422
2147.450166,-2.8770159373830704
2147.450167,-3.428055676013226
2147.450168,-3.254574883133064
2147.450169,-3.903371544511462
2147.45017,-3.678073873453784
2147.450171,-4.3632913819572865
2147.4501720000003,-4.120979425220365
2147.450173,-4.695765709510933
2147.450174,-4.485393913818457
2147.450175,-4.949146855141102
2147.4501760000003,-4.692348079091516
2147.450177,-5.110752612233461
2147.450178,-5.120720397961835
2147.450179,-4.85102519840499
2147.4501800000003,-4.950075646267751
2147.450181,-5.3121880738486595
2147.450182,-4.88010120122385
2147.450183,-5.31227824277015
2147.4501840000003,-5.0777037161002045
2147.450185,-4.715054487769084
2147.450186,-5.064234945391842
2147.450187,-4.571327070346057
2147.4501880000003,-4.686756917833573
2147.450189,-4.318121384672859
2147.45019,-4.614871956080132
2147.450191,-3.95969629032618
2147.450192,-4.066647602175217
2147.450193,-3.491403544228191
2147.450194,-3.805002888987397
2147.450195,-3.1291933622239796
2147.450196,-3.275201595272748
2147.450197,-2.456736968160412
2147.450198,-2.6407935306663743
2147.450199,-2.224904990586386
2147.4502,-2.097002039112232
2147.450201,-1.4668594813336142
2147.450202,-1.5353805666094247
2147.450203,-0.8571695860051035
2147.450204,-0.9256557768663476
2147.450205,-0.2942140783825086
2147.450206,-0.27907697814664023
2147.450207,0.4642513325364413
2147.450208,0.526344703937153
2147.450209,1.1031447842501552
2147.45021,1.117194775077058
2147.450211,1.7096655901662565
2147.450212,1.7175666083113812
2147.450213,2.3087763972337547
2147.450214,2.307112074191775
2147.450215,2.913732602153632
2147.450216,2.8951928645573646
2147.450217,3.5164156629403944
2147.450218,3.32655838431232
2147.4502190000003,3.9469730581713933
2147.45022,3.726290416979389
2147.450221,4.315868037139592
2147.450222,4.057581053559964
2147.4502230000003,4.4639695678316755
2147.450224,4.459598608332236
2147.450225,4.665286657129344
2147.450226,4.514827112029784
2147.4502270000003,5.038990152034232
2147.450228,4.901688067449096
2147.450229,5.116019807402137
2147.45023,5.123272369773696
2147.4502310000003,4.878059098234301
2147.450232,5.0944258710718415
2147.450233,4.955715865201743
2147.450234,5.116863850979204
2147.450235,4.68596042420443
2147.450236,4.993000765438309
2147.450237,4.390440739085039
2147.450238,4.709159305599838
2147.450239,4.353003275078052
2147.45024,4.188654042168824
2147.450241,3.9837467068825387
2147.450242,4.107367762367757
2147.450243,3.5362545681251834
2147.450244,3.777515755562143
2147.450245,3.122837432708116
2147.450246,3.155006450921181
2147.450247,2.400307302478087
2147.450248,2.695337524539462
2147.450249,1.9303847447354414
2147.45025,1.976968109266362
2147.450251,1.2567695585562535
2147.450252,1.521893572679511
2147.450253,0.8271751573493852
2147.450254,0.8976100828070218
2147.450255,0.1394882228098519
2147.450256,0.33395148010058645
2147.450257,-0.45979692088920154
2147.450258,-0.4427311608570229
2147.450259,-1.0624009217226211
2147.45026,-1.069282943950225
2147.450261,-1.9108021296553421
2147.4502620000003,-1.6282766082919964
2147.450263,-2.317321672381386
2147.450264,-2.2953479883082184
2147.450265,-2.8838252251756553
2147.4502660000003,-2.908172910749352
2147.450267,-3.4962052623597213
2147.450268,-3.3233581951080384
2147.450269,-3.8824333127117563
2147.4502700000003,-3.6644420301085727
2147.450271,-4.346114065730431
2147.450272,-4.126077761963982
2147.450273,-4.767532172369148
2147.4502740000003,-4.386137511515428
2147.450275,-4.937831446938773
2147.450276,-4.6931093231209715
2147.450277,-5.062334677424924
2147.4502780000003,-5.0044552028694795
2147.450279,-4.886587352975355
2147.45028,-4.959232367643487
2147.450281,-5.3193503547637
2147.450282,-4.938039015937165
2147.450283,-5.305942740227647
2147.450284,-5.096164021200359
2147.450285,-4.9408609066602835
2147.450286,-4.879957424290314
2147.450287,-4.533418701505185
2147.450288,-4.900524503248518
2147.450289,-4.306066941934647
2147.45029,-4.498721679532323
2147.450291,-3.8924715931705522
2147.450292,-4.156803597278186
2147.450293,-3.495338296315886
2147.450294,-3.706835198794913
2147.450295,-3.164277387732133
2147.450296,-2.978272227065392
2147.450297,-2.6972550421092274
2147.450298,-2.70787514887981
2147.450299,-1.7659182122141088
2147.4503,-2.0606171016977637
2147.450301,-1.4384612483487593
2147.450302,-1.549243509323396
2147.450303,-0.8943940826361357
2147.450304,-0.8943333730360958
2147.450305,-0.09653978182295056
2147.450306,-0.24168964868274362
2147.450307,0.4049420946838723
2147.450308,0.5159246481495268
2147.4503090000003,1.0669158046383993
2147.45031,1.0073061465261324
2147.450311,1.974728413714083
2147.450312,1.5963009012559122
2147.4503130000003,2.2952807414984493
2147.450314,2.265944439294962
2147.450315,2.8695951047497217
2147.450316,2.8316179173271556
2147.4503170000003,3.492282395044047
2147.450318,3.288798037847629
2147.450319,3.9261523820972104
2147.45032,3.7578723981099285
2147.4503210000003,4.263425668340196
2147.450322,4.098416021622053
2147.450323,4.451309056280931
2147.450324,4.520862118284199
2147.450325,4.843730830658763
2147.450326,4.709039059064739
2147.450327,4.88850268920383
2147.450328,5.066798245118378
2147.450329,4.687823898980719
2147.45033,5.092780396371668
2147.450331,4.897350516104093
2147.450332,5.16479581134391
2147.450333,4.9765981059836095
2147.450334,5.141556597377808
2147.450335,4.740710486197835
2147.450336,4.863397209907541
2147.450337,4.503530827762576
2147.450338,4.720173258815583
2147.450339,4.270677356547532
2147.45034,4.304664041927375
2147.450341,3.871081412392018
2147.450342,4.089257011750672
2147.450343,3.544727296162972
2147.450344,3.7140349277214
2147.450345,3.12927175375416
2147.450346,3.128296084120174
2147.450347,2.556577984053513
2147.450348,2.6573434075961777
2147.450349,2.075460031161884
2147.45035,2.161245760156492
2147.450351,1.2830280818214082
2147.4503520000003,1.2321544473386419
2147.450353,0.6754464661067044
2147.450354,0.9502021174381164
2147.450355,0.059058401023581536
2147.4503560000003,0.0573221740814326
2147.450357,-0.7415609526469678
2147.450358,-0.5268476225830789
2147.450359,-0.9758707773741784
2147.4503600000003,-1.0955914804845721
2147.450361,-1.8991838244600139
2147.450362,-1.7045362875569743
2147.450363,-2.303126948247469
2147.4503640000003,-2.266973968567338
2147.450365,-2.880718069150956
2147.450366,-2.9252645328062963
2147.450367,-3.5211315003868497
2147.4503680000003,-3.319360420837393
2147.450369,-3.799047088867559
2147.45037,-3.675929701304665
2147.450371,-4.303025931690741
2147.450372,-4.14488466388798
2147.450373,-4.4203513137292525
2147.450374,-4.4450920896005455
2147.450375,-4.921402385363441
2147.450376,-4.735412571083498
2147.450377,-5.148792314853943
2147.450378,-4.907261717954451
2147.450379,-5.283773080752586
2147.45038,-5.045289299323648
2147.450381,-4.836876398892625
2147.450382,-5.047791009651162
2147.450383,-4.904600566911584
2147.450384,-5.165521863273599
2147.450385,-4.7067022994581045
2147.450386,-4.953383137028499
2147.450387,-4.723501459316256
2147.450388,-4.6895819311797835
2147.450389,-4.32351333983409
2147.45039,-4.712412158957607
2147.450391,-3.8721846848187265
2147.450392,-4.091189794690027
2147.450393,-3.5981303881476494
2147.450394,-3.7315658852625084
2147.450395,-3.136583357205415
2147.450396,-3.0871983019347415
2147.450397,-2.427994108934843
2147.450398,-2.7297380049194975
2147.4503990000003,-2.129207392730508
